-6,u8oocTnrMp26xffQPnCdO6gddKT3kzWAeRH3uu
-6,I5wTUxUN5Q0MiIFOOJadPi5q3QfW0IrYybzQ5GY8
-6,p7AHghyQNLK8EFldn7WBuJ8fmWwfugEWn0DsIQJI
-6,bIqELQlF05IDMsBcfu4MC1G97IRKyTaCWkOQZxX
-6,S0jbROagFOeKYTYNfnczoif3EOlhr7sRDezumFH
-6,AaqpIRXAlHwuTCHMWA4Lc67naHI1csirLqsnYIW0
-6,djqjz4gpeHMs4nNvhxSetCMkU8k3CCITpKAMY6E
-6,Lh9C7XFdisvD2Asf9xeWOpFdL4ryXLLpQLux3HK
-6,YjJsJoYqsy68RhZSmmjWkSB5viS5r8lgzW05I05V
-6,7k72PtiL3vie8Z5n2rrgOuHTzOE0aJmkfZ9Y3Uka
-6,x1HRGjIZS71YN987xReo41SOvuXyX3irDcdBblL
-6,owVhPC0LDCneE5Xi2B45NiaOizAkBzN1btG2g7B5
-6,84RDyshNowgXXTm8KT6DnPfJG8DcFjE8LBJBTrY
-6,eiPhPhewlP0K5TlTVu5HqFiMrJUZiSXfIvi2Ovl
-6,Jxx6gcvqg3ZglLxNIfQyKYsOBSCRLgbiOydCbyjO
-6,WfbKtwGubBjdw6FRxssPDVnzyFNWl1rrwBA3u6
-6,X22L7ajuNAw9tXLffYYlyPakVSjnNS2v1PwpHSi3
-6,O8cLoaDVA0yJgkVUsXWwiwXgkQ8smdcqRAXt9Vht
-6,lMUE1VTfMo4QZrZSGFqdpaOYbYrAZmbz4Y7tOkQ
-6,4GoP9tqBlBD5NVShdeRRVlghFWElwV4UijY72zm
-6,ko55bav8Dmsc2t7O0o1iJTLhMvyf5NMaHktWrj
-6,JKtBTteg1Dq1LOCtKYT2VBGMdhphkqwxRYVq7tXl
-6,Buvt4Bv5EOgxqYnH9zpmEQWIG6ojLwnakMMWx73i
-6,uCYxbgVcQK5fL5VNNC6HfASwujHFYQQiUCESBj
-6,DKMIkvAOGnq1Bo1mkUwEXRfTYPRzDPb93IJgE7
-6,SMoIR97bTMzVb770dqJGOqbxotqg3prTWfGYSRPS
-6,P9SDu2jN5H7AwOh3xUJ41MGaVUF4cLtWxyUMKaa
-6,CYAQCyZhL2iTzO67z1gBaKiMdqr5jjOlVE4PkPm
-6,IyTQcyN4IquevPTGjHyiNsHZJIo3b3m4o3wVYvK
-6,nHC0HcnAfov0WXwmnQyra67H320QMCf39xXEOgxR
-6,laYebh0IYYn4hvYIYKDzBPxBVLDE6WKvdBYibIw
-6,zGS6qypDKjIY3weMfnmV0F522TKJXD2CuBB1hgG
-6,du5K18b6fFZhYBKTGAwumoUMvtWWSj5xpxigQtGy
-6,oSxxckc3DmcnesAtmAZ8XS2cuJ1BkAF4HlJ889qI
-6,DYcAc8LRTrzeP7pTdwAp9Jj5Dm7pHjfXaQ6DDWg
-6,JkdBOZNGKkEErZ3kVW6EjG7wQnNhAf8etDCz8qll
-6,IloZmkTKEAqvk0EFu7uD2vuX23fhtNTZyziCRYZ
-6,Kgt8xClW0rANaJOcrRO14iKCjc9pY6oCkVse8Wj
-6,E0ZJXLmm1xSx9crWioK1COOWbeLVTKnrMZQ3xyix
-6,F10vghndBEnR7qXMNGpaLbH48a9CLcoFzK7aHNv
-6,dPpaNiVr7iVfrS7v8R1HYYqx4uiUyeFHccYEFo
-6,I9H3UxxK63Q3mGVN1OhUxzroo206VIljaGOaMnz
-6,qwIWGQQtc931vgS7P9RViTMo8VkTWxWmUYUhLJ
-6,l9Qw0RrSiEjKefTyQIx6s1v3lJjICNsOX8XZrL
-6,ATrPbQbSF2UsZPfqdEc5mWWARZ3FRu7JSo7aIMU
-6,046abc49dwzBbUjR5bjM7Xw1UyXRsB2UXgYjGdU
-6,RbDFeByL0fV7Q3mYVxeQHHuPQvIrPBVH3FNFJOyM
-6,H8Cv0lijM7WiSj5lmksAQzzQnHEvnqJMl78M3X
-6,LQozvEcZsrUT1ZZ9lHU7Rr0pW7RKLkoXCPwlv65Y
-6,O3dTeEgUesXjtnNmRMzSyFk9XvdTrX5eRG8k3p
-6,G4UpZjNR1ZHhbYkBlQHtasDvxJjIcyRW2quoDCSH
-6,ZHbtoOF84HWUsN8axy1NvJzhcAauaXZM8mIapN
-6,fUxRO81cghiQzmkNd36TKix3CTl3tXxZ8aaE7B
-6,YxiDFMXHKloH3iiaUL8TbAkKut1zvSDku5BLRM5
-6,FdCOnpzCPEJtpqbGunqVWpIhvo1ptZzpEf5xNo9
-6,2ZIiNeOssu5NLtSE8GAgp84IAlL3SMiqlyNReQDm
-6,TiEWNRVYjrKqMzSEyZAJRhjPpq4IrZQQV0sarj
-6,o9FActhNcOjy530NCY9mz3vhEMEjuiQAuRRiMTKQ
-6,OVM7XWDQ6Mi4TUh8LAdOS1omC5EWBFivs8XdPl
-6,a0B4srZzjaWNUSB1it0nhcOYIbT1aiITkyEaIC25
-6,uRmrB7AsYvPdbm7CjheKrY9Rwe2Cbv4fCbxAIIyt
-6,8VeJ9UZ3YhoolLxZylTAYGOzTj8wMYBtG6KDhhU
-6,YPX4qKQn5K8SfG1XpPWH91xi0u0RpBt0EYaMJ0m
-6,iXidwHL0copMnQULadEpQAmuOK85o4cFs5sMhk6
-6,7MUCtlVM4iehpMoh8y12JAiQcJONzBMfoOW7lO
-6,jXclyVid1xGGcSAaySeBM9a5cCO5LpscKr5RKu3
-6,eCOrJFqCRp4wLAO6OOTZKxD16eQapLflQOJ1Z9U
-6,ay2bCUqUX54MonboQccQFARAyZv79sTSxzN6T8
-6,lvW78CsebzSEx1Lmgm8fUSPtSkG7tTDDB7Z4VZq6
-6,fltQ0w8beXwkUfdbAamEfXePRJL4Phk6aMGFqe
-6,yYehvSvlrcipbGOvjPBbh4SQm7zzrQEWpMXnLy
-6,i1OZxd3Ni9SL0ioHuY1dHoQGYdrUeXHxza4nMwm
-6,2kiZiiZsiQkygAdSUijK202wjHiNpR7hgOfadc
-6,vduU8f3hhN1e1pkNYTKqyPhqRg5MfQEsb3DzlLTC
-6,USmCrixczmzgjuX6HvjraWabmTSph9Ovl406HNrI
-6,W8KJuWa8aLuLKnHj1A9ubD3glqYOgFl7KrAowUL
-6,RkWV6en7AR1n135UxPXzxbBss86R82AUiMaoA5Y
-6,13jIBPn4QYRQ8Q2SAjQpd4FegE8zlFn5kgU3LGvd
-6,teXzGTbyzahj2l0XPcg9e8xFkOqd5DQXmXnjKIx2
-6,VgtL20qtV0Bb1ZgGYoXan7G5i08fUsMsaioiER
-6,0TndmIMcek4qIyk91j7CekLqqTOMV3KXwL4edk
-6,n96uW6O54XTjb8SxRHNbLCaj7OmUEurZrH3I9LOg
-6,oh1V0YgCGcGfrZhHfZodDGOyTxZQaEp5P22kLSPz
-6,rdU76TsUlXSrocAODCkSwWUctt1N1M3s9Ci4B7i
-6,SVv7LJ8kqae3yfH2YQZS7weGMNDybNgsr89rpbo
-6,2KNZdChSFdXwH3VGkSPSFKvQCTR13VhaxFaei8pP
-6,Uok2uhJyJoaMlpQTgwke1oaYksIeQGMoQcjFxWYJ
-6,H9FW5TmKSXpLM8Et2rukjvFOtEZ2zGQ4do3Ok6P
-6,I7GvtJsYfmGz48YCsFRUCOnLbcr1Vqf3PrmxbSj
-6,zOgxiZLLrk9Z1wQCpUDmBmmYVUBHbXVGIBAjDLO
-6,O1xwOk6pMRW5t8HRVXrP7CCbDmosnUiYzyMyX91K
-6,M3FP0pp3yUMcqjFLZLqjMqo1IttC0v8oaY8uXH
-6,2SLRltlW4E74MJ0va04b4KDehIHe6BjTJWJfD9
-6,Hnb6BIpR6JK8slK6fKEEreI9eRuGLxbT7Z1g5K
-6,4UN4eNpbMfKHwY9wI2hIwr7uYXhOol2YdCy7jB
-6,pDVvKbaXLzohJKSWHCmFa87qTmEhpR8eHaVMLLK
-6,KRgWRAhwyPlbR4cG5BGCg11DVdOzwbLG3ii3NQ
-6,hBeVj1eCtDYi7RaF1RNlfXdkO5Pvkuyum9aotdeM
-6,6CxTXc9jQqT3eHM28c8Prg7tT8i74VQ01D7sNC7
-6,4oHO1dmIIe3vvLEH6cSOV0gJw03oLtg42GAaMx
